mock_ue_id,lon,lat,tick
0,139.73532469052594,35.74978677093838,0
1,139.71342895780015,35.73804978558564,0
2,139.7238759497943,35.73073997303225,0
3,139.69236708100252,35.682920802730465,0
4,139.69372682019485,35.688990416308904,0
5,139.73459765460524,35.74593911423964,0
6,139.72295905018873,35.72248473144908,0
7,139.7481527145893,35.69540250974064,0
8,139.7348789078966,35.72601309581609,0
9,139.70626236591772,35.69458691229868,0
10,139.75149501149795,35.74359389249474,0
11,139.67967441249712,35.721049659525804,0
12,139.726016121614,35.6846459758219,0
13,139.733220989962,35.72534947677146,0
14,139.67055039063297,35.71062894063106,0
15,139.70734767172922,35.693865740999215,0
16,139.71511356447036,35.69072619651619,0
17,139.71569789439303,35.741407188421604,0
18,139.76519213067016,35.70630100136593,0
19,139.72450978344045,35.74026872861599,0
20,139.71369112838929,35.74643678228593,0
21,139.69084902242804,35.750090655763955,0
22,139.69801168826012,35.69066510768858,0
23,139.7190477059591,35.763419111595574,0
24,139.7097429049838,35.70164808096529,0
25,139.66367784908226,35.68423341465946,0
26,139.75293023133526,35.730799370501565,0
27,139.76059865907885,35.714190574681886,0
28,139.67678114540075,35.75557904450684,0
29,139.72269994796588,35.753640424645944,0
0,139.73560570758752,35.749695517010785,1
1,139.71361070989943,35.738481208303845,1
2,139.72375825674945,35.73077471373429,1
3,139.6923213095549,35.68273335941,1
4,139.69325363184177,35.689576843413036,1
5,139.73472556685127,35.746087067771036,1
6,139.72278911072038,35.72286027634357,1
7,139.74758176996292,35.695547054865806,1
8,139.73479139377685,35.7259422483256,1
9,139.70574537145544,35.69484524619448,1
10,139.75130550345423,35.74366578560263,1
11,139.67950536255148,35.72061084329588,1
12,139.72582462533592,35.68468039958886,1
13,139.73406904681588,35.72531613328429,1
14,139.67069776703084,35.71099737597307,1
15,139.70726312239796,35.69386409892364,1
16,139.7148348502503,35.690792943534724,1
17,139.71625233940532,35.740779121380555,1
18,139.7652634567546,35.7065096577757,1
19,139.72467172266965,35.740336187945594,1
20,139.71384932016375,35.747085989409904,1
21,139.69117885474748,35.74997590607568,1
22,139.69868331330298,35.69140830351917,1
23,139.71926212159758,35.76351002353581,1
24,139.71036031846168,35.7018733982582,1
25,139.6629119019288,35.68422997635404,1
26,139.75406582851267,35.73051342724921,1
27,139.75943132172637,35.71384177582222,1
28,139.6767580925169,35.75559529083803,1
29,139.72263489328222,35.753763996579075,1
0,139.73637108573362,35.750117179572044,2
1,139.71338612781352,35.73827509681016,2
2,139.72348697085081,35.7307782586506,2
3,139.69251707451627,35.68244205931183,2
4,139.6932858538008,35.6897005533381,2
5,139.73438577560208,35.74571651756893,2
6,139.72242944067474,35.72321408052702,2
7,139.7475144791764,35.696057125941664,2
8,139.73483414763513,35.72582829609949,2
9,139.70529483407094,35.69528223865848,2
10,139.751129896696,35.74378255814291,2
11,139.67913088554408,35.72048340598234,2
12,139.72539200210556,35.68471584165799,2
13,139.7341369791846,35.725236074074935,2
14,139.67120477821592,35.71172092741115,2
15,139.7069624258579,35.694165197337654,2
16,139.71486782251313,35.69066209657612,2
17,139.71616318662922,35.74084195036904,2
18,139.76520573941966,35.706596670981064,2
19,139.72569836350445,35.74080288513618,2
20,139.71369194178612,35.74664529411337,2
21,139.6925875732911,35.749377524797936,2
22,139.69839769554068,35.69136545604117,2
23,139.71873026481308,35.763411055867984,2
24,139.70939292479832,35.702045909138,2
25,139.66455684217954,35.68437948200834,2
26,139.75393046617256,35.73063817976153,2
27,139.75934900607396,35.713566952120985,2
28,139.6770179865279,35.75557394045086,2
29,139.72341986693078,35.75312505023597,2
0,139.73652917985513,35.750122386010034,3
1,139.71339463081972,35.73818804408651,3
2,139.7233732033206,35.730773807250195,3
3,139.69137906832054,35.682765197330475,3
4,139.6928888044459,35.69053590485661,3
5,139.7338990822365,35.74563200841942,3
6,139.7225337686718,35.7230239697416,3
7,139.74734087943938,35.69571550571964,3
8,139.73506607859596,35.72638545180759,3
9,139.7052058928668,35.695340418110405,3
10,139.75130556993466,35.743666654228804,3
11,139.67983752687377,35.7210134091818,3
12,139.72534808631053,35.68469911375479,3
13,139.73319737466127,35.7251690717237,3
14,139.6703988820356,35.710983946064985,3
15,139.7069982098751,35.69442356642325,3
16,139.7147536924283,35.69080096275726,3
17,139.71730039415903,35.740857199951996,3
18,139.76536498264505,35.70589278051021,3
19,139.72558236857694,35.74077287456832,3
20,139.71349746802954,35.74636183669319,3
21,139.6932531494769,35.7494581972747,3
22,139.6976620272795,35.691376477537496,3
23,139.7184464961646,35.76320908764988,3
24,139.70818106430326,35.702508829684426,3
25,139.66543037269568,35.68498895312029,3
26,139.75498888041002,35.730364589048435,3
27,139.7601600681912,35.713114489208785,3
28,139.67746556888443,35.75557057609631,3
29,139.7232951973299,35.751782895785304,3
0,139.73657680555428,35.75020313710078,4
1,139.7138573045906,35.737645931653994,4
2,139.7230011393846,35.73086058344386,4
3,139.69150846660725,35.6827033067709,4
4,139.69261634669337,35.6908687364613,4
5,139.7339305270346,35.74610316698862,4
6,139.72221335894147,35.72266988944867,4
7,139.74735933339417,35.6957230429634,4
8,139.73534995107048,35.727220335742395,4
9,139.70528220103057,35.69505552475664,4
10,139.7499518675432,35.74338502549905,4
11,139.67989758912907,35.72116434650582,4
12,139.72578312787672,35.684995658238634,4
13,139.7331510289433,35.72514878692699,4
14,139.67042351018816,35.711026991878235,4
15,139.70704730112126,35.69393790248226,4
16,139.71471209422464,35.6908232051554,4
17,139.71772873799233,35.74091408823669,4
18,139.76541282814514,35.705893855400944,4
19,139.7248278000938,35.740733968728534,4
20,139.71270511060567,35.74623329045758,4
21,139.69342891403582,35.7495980917723,4
22,139.69836036133404,35.69156568972648,4
23,139.71795067032016,35.76297344931527,4
24,139.70809042007636,35.702481863894825,4
25,139.6659702562588,35.68463830562372,4
26,139.7553171533507,35.729527557636466,4
27,139.7599080970632,35.71277538569084,4
28,139.67818002881924,35.75488262420065,4
29,139.7241863516738,35.75100706728696,4
0,139.73634502718278,35.75035367163641,5
1,139.71393180047158,35.737530655329024,5
2,139.72195713009623,35.731107501999745,5
3,139.69126742554462,35.68273753782209,5
4,139.6924812849161,35.691404662111935,5
5,139.7339527989092,35.74622153257055,5
6,139.72221762445236,35.72289401680893,5
7,139.74750939529105,35.6957812690047,5
8,139.73543379114517,35.7278673528269,5
9,139.70537530671345,35.69528863195251,5
10,139.7495708702912,35.74385894733406,5
11,139.67984544983722,35.7211473442778,5
12,139.72489714068723,35.684274302002066,5
13,139.73330397489696,35.7254414819402,5
14,139.67025487699158,35.711452629875,5
15,139.70710691247132,35.69387177758811,5
16,139.71510662644872,35.69153994492541,5
17,139.71799855395432,35.741018295818314,5
18,139.7656350063861,35.70553306148615,5
19,139.72484832466117,35.740730007013845,5
20,139.7115410660332,35.74585079362061,5
21,139.6930147240411,35.749699647414694,5
22,139.69844312566255,35.69166752576205,5
23,139.7182928319164,35.763051664451915,5
24,139.70685794598688,35.70237654164639,5
25,139.66543361838825,35.684681001439394,5
26,139.75608330915676,35.7294361081613,5
27,139.76008065454752,35.713076651564755,5
28,139.67812723448736,35.75421283675956,5
29,139.72469609848446,35.75096416894831,5
0,139.736436390645,35.75034284171844,6
1,139.7135549688514,35.73797279582973,6
2,139.72187198366848,35.730955446909014,6
3,139.69108159404806,35.68392089946683,6
4,139.6927546557066,35.69156324721847,6
5,139.73390785587532,35.74620560020941,6
6,139.72211016518193,35.723559137722646,6
7,139.74705953162936,35.69565465341068,6
8,139.73510891065766,35.72823858025124,6
9,139.70524537616654,35.6953187196765,6
10,139.74955085402536,35.74392173776153,6
11,139.68008096855218,35.72151687027346,6
12,139.72423346347864,35.683974920001525,6
13,139.73334633807283,35.7256992968289,6
14,139.6705419718776,35.7116648011674,6
15,139.70748746001703,35.69363026056333,6
16,139.71439233868958,35.693200546659504,6
17,139.71832169802784,35.7409740128559,6
18,139.76500976137032,35.70593943390587,6
19,139.72480442177445,35.74080430189796,6
20,139.71148207647659,35.745790894867284,6
21,139.69300775436105,35.74984042746079,6
22,139.69846990057388,35.69167042790624,6
23,139.718156924639,35.76284347262123,6
24,139.70603225625896,35.702142750329294,6
25,139.66480939432404,35.684953406384864,6
26,139.75626982962305,35.72878475879235,6
27,139.75951514585597,35.71325251664043,6
28,139.67823236800558,35.753702289261774,6
29,139.72473813687097,35.751016865135696,6
0,139.7362591571855,35.75048122588027,7
1,139.71357894165052,35.73790393374423,7
2,139.7220453582859,35.73106278329845,7
3,139.69053167559505,35.684035891686925,7
4,139.69296698680955,35.692076014500216,7
5,139.7338839223001,35.746001674390115,7
6,139.72195221375307,35.72418783147708,7
7,139.7468986480002,35.69514925782356,7
8,139.73522797969648,35.72890512473012,7
9,139.7062581405362,35.69523354197372,7
10,139.7488900599571,35.74390215829769,7
11,139.68052349353255,35.72204512181475,7
12,139.7237212301035,35.683373454683064,7
13,139.73367351471805,35.72588320902342,7
14,139.67052310635498,35.71206617347817,7
15,139.70778885207685,35.69422026254295,7
16,139.71393727952474,35.69319483965831,7
17,139.71745039067574,35.741187605319716,7
18,139.7650546565548,35.70583774756452,7
19,139.72463820276744,35.74096151725525,7
20,139.71140238386485,35.74573636342902,7
21,139.69301534260248,35.74999732774569,7
22,139.6984526352311,35.691668576552445,7
23,139.71822562496357,35.76287977660388,7
24,139.7062517603318,35.702160921748494,7
25,139.66504464584895,35.68491374231997,7
26,139.75640460970158,35.728109578668715,7
27,139.75935258058254,35.71280610502728,7
28,139.67881357269152,35.75341172408462,7
29,139.72501356939873,35.751002507180715,7
0,139.73644501098497,35.75026564247336,8
1,139.71349237777872,35.73815570811668,8
2,139.72222938812706,35.73115244305364,8
3,139.690791474052,35.68385359173764,8
4,139.693192933754,35.69235542238033,8
5,139.73392991190477,35.746682783681884,8
6,139.72074572773664,35.72409018497005,8
7,139.7474442739334,35.6952293407187,8
8,139.73539094191392,35.728983580116726,8
9,139.70693166808266,35.6952098390371,8
10,139.7473996868895,35.743015257272155,8
11,139.68150975551012,35.72239847362642,8
12,139.7235652729557,35.68329882708754,8
13,139.7326554497902,35.725657434178736,8
14,139.67069447676988,35.71140035650805,8
15,139.70713415262537,35.69497168296478,8
16,139.71477733688724,35.69290921683966,8
17,139.71745851145192,35.74118120474933,8
18,139.764892748518,35.705574409922136,8
19,139.7236527361761,35.7408698210603,8
20,139.71132203845545,35.74541673688261,8
21,139.6928818697695,35.75034844849427,8
22,139.69847784868807,35.692010849996095,8
23,139.71882377152127,35.76295122080346,8
24,139.70598297212877,35.70219948045661,8
25,139.6641182725014,35.68487999853574,8
26,139.75657108168699,35.72750021646911,8
27,139.75929663079006,35.71310238714982,8
28,139.67910146514515,35.75308867838181,8
29,139.72440704570823,35.75138312390833,8
0,139.73589857121982,35.7498416627743,9
1,139.71402216454086,35.738262763359664,9
2,139.7207475571573,35.73103142476517,9
3,139.69203911074675,35.68437820700448,9
4,139.6931939616331,35.69233696250983,9
5,139.73425667389495,35.74702581014188,9
6,139.72041173287198,35.72425479530471,9
7,139.74708943788417,35.69495693239626,9
8,139.73582540070026,35.72884838132967,9
9,139.7075656205121,35.69517888268837,9
10,139.74572960362866,35.74343141277491,9
11,139.68151563516355,35.72238782965065,9
12,139.72345549157924,35.6832090717632,9
13,139.73109527656845,35.72576056259007,9
14,139.67059260613243,35.71056107841602,9
15,139.7070777816707,35.69496979643244,9
16,139.71475651855908,35.69247566102183,9
17,139.71641186576989,35.741183134578854,9
18,139.764907530597,35.70550040316905,9
19,139.72366046392574,35.740970035604334,9
20,139.71138461658634,35.74514535376486,9
21,139.69271172729222,35.75043094220884,9
22,139.69811406877665,35.691374895517974,9
23,139.71826639099316,35.76256477946222,9
24,139.7054813410837,35.70217552745278,9
25,139.66362885656744,35.68452484128786,9
26,139.75618835063884,35.728503061097385,9
27,139.75921287747386,35.71276353421236,9
28,139.67930755194075,35.752777650613545,9
29,139.72368171693358,35.751501387326485,9
0,139.7349236779369,35.74914555234342,10
1,139.71440719099803,35.73796747894697,10
2,139.7200658810646,35.73054993538539,10
3,139.6934107359997,35.68313360105891,10
4,139.69328751477198,35.691902595809005,10
5,139.73432512384335,35.74761615546751,10
6,139.72076158782548,35.72319709798987,10
7,139.74626527765645,35.69488951928897,10
8,139.73549876345908,35.72866470722121,10
9,139.70770311527002,35.69514499303321,10
10,139.7457318327245,35.74343127444756,10
11,139.6815177042817,35.72250549066055,10
12,139.72388360273237,35.68320592148652,10
13,139.73108715040243,35.72576544368688,10
14,139.67062276940806,35.710230261222364,10
15,139.70696475909776,35.69501555332018,10
16,139.7148543321753,35.69180355488928,10
17,139.71596551894092,35.74118622399779,10
18,139.76467238632645,35.70609653600482,10
19,139.72427484414777,35.74207604927563,10
20,139.7119668642194,35.74441677207218,10
21,139.69261194187345,35.750945824900974,10
22,139.69876269231614,35.691241209358715,10
23,139.71824051538997,35.76252803518595,10
24,139.70478769693207,35.70187605032192,10
25,139.66273109390323,35.68476918429521,10
26,139.75672109790654,35.729387966900234,10
27,139.75919680582646,35.712326183397806,10
28,139.67956664224997,35.75271227646266,10
29,139.723763189286,35.751545560412424,10
0,139.73415958136368,35.74878583494432,11
1,139.7145720983467,35.73761383068689,11
2,139.71911830231213,35.73069448494282,11
3,139.6929559157878,35.68326848697823,11
4,139.69272429624212,35.692521694279165,11
5,139.73420496024133,35.747269972505364,11
6,139.72016886643294,35.722384223689986,11
7,139.74646642364164,35.694960670877535,11
8,139.7357406888833,35.728737822115654,11
9,139.70789154514082,35.69489725829319,11
10,139.74640109271584,35.74382483446083,11
11,139.68178682679195,35.722305938409036,11
12,139.72485617058203,35.68362974654594,11
13,139.73092001986754,35.725856913544824,11
14,139.67064084663963,35.71083743130232,11
15,139.706955826927,35.69501889255248,11
16,139.71542701640837,35.691000649055404,11
17,139.71591031157234,35.74131227913466,11
18,139.76460191132304,35.706369098398184,11
19,139.7240158386194,35.74163715014912,11
20,139.71182033374285,35.744513463941075,11
21,139.69240044650556,35.75098460430778,11
22,139.69921382400952,35.691450126322316,11
23,139.7183178481734,35.76253476518896,11
24,139.70457659999605,35.70201196000344,11
25,139.66170084458432,35.68473601996714,11
26,139.75643629895575,35.72976582928509,11
27,139.75906504606434,35.71244291044878,11
28,139.67891761608251,35.75264643167114,11
29,139.72417831370225,35.751470553704976,11
0,139.73458095055423,35.74889816069225,12
1,139.7145752147925,35.737285437984575,12
2,139.7188599676479,35.73065556953726,12
3,139.69299174706526,35.68317596211473,12
4,139.6927204463527,35.692518620316484,12
5,139.7338101167559,35.74729538983988,12
6,139.72031720005344,35.72179066783098,12
7,139.7466929110148,35.695063576962404,12
8,139.7359968628323,35.728854244455455,12
9,139.70731146886502,35.69482609428535,12
10,139.74639810701805,35.74379289522615,12
11,139.68221576832673,35.72148035313294,12
12,139.72637377507056,35.6836990238885,12
13,139.73153873297068,35.725795230894036,12
14,139.6705886015763,35.71090778330114,12
15,139.70658271218431,35.694798170061425,12
16,139.71572446381143,35.69054070473642,12
17,139.7169790569891,35.74081137954929,12
18,139.7645441627177,35.70655719528453,12
19,139.72293083183473,35.740855972568546,12
20,139.7117776148473,35.74455951209058,12
21,139.6924045194024,35.75095224575566,12
22,139.69940152093633,35.691854958927784,12
23,139.7203537591664,35.76189225054771,12
24,139.70442768755754,35.70260266626404,12
25,139.66141907924683,35.684766393189776,12
26,139.7567708129915,35.72950021291635,12
27,139.75909083459632,35.71264621414956,12
28,139.6783784334618,35.752582757581706,12
29,139.72442052854086,35.750832114848734,12
0,139.73497523153426,35.749078684942205,13
1,139.71436265521385,35.73687119165716,13
2,139.71874505666577,35.73058944693326,13
3,139.69299165311378,35.6831744386764,13
4,139.69180464993948,35.69184813671455,13
5,139.73489689604153,35.74711342562872,13
6,139.72051117965026,35.72158858503437,13
7,139.7466845521319,35.695041847473625,13
8,139.73605413614635,35.728873353678686,13
9,139.70730655030235,35.695033977487014,13
10,139.74632205563822,35.74366799055605,13
11,139.68168484936945,35.72070442394317,13
12,139.72653488730086,35.68391169396242,13
13,139.73203337886477,35.72574244620001,13
14,139.6706443942189,35.71097841818331,13
15,139.70623359437027,35.694718482372785,13
16,139.71582233878004,35.68955836544542,13
17,139.71779358144215,35.74093917641638,13
18,139.76435206551255,35.70667240820921,13
19,139.72273041126144,35.7404288323602,13
20,139.7111391515591,35.74530883408472,13
21,139.69205973900654,35.75096506449992,13
22,139.70104946424175,35.69185354668658,13
23,139.72118082088303,35.76177035847786,13
24,139.7045385219908,35.70224715035422,13
25,139.66164131384468,35.68478764717574,13
26,139.75655201474788,35.7298149999802,13
27,139.7591681587636,35.71307255727628,13
28,139.6784367883976,35.7526289680434,13
29,139.72481592124817,35.75030635984642,13
0,139.73490199503937,35.749051057595985,14
1,139.71447446911083,35.736572781441595,14
2,139.7187403557394,35.73058265790434,14
3,139.6922555007733,35.6838211584249,14
4,139.69196396703092,35.69163443371489,14
5,139.7349595914763,35.74714533903844,14
6,139.72091421543539,35.720953418944106,14
7,139.74665385673745,35.69499839242584,14
8,139.7363276697868,35.72839658843889,14
9,139.70770182536214,35.694830704340525,14
10,139.7461082337607,35.74370250480652,14
11,139.68064900505664,35.720570523323794,14
12,139.7265153092184,35.68428410197614,14
13,139.73190009674798,35.72574472089953,14
14,139.67113082908708,35.71059042722471,14
15,139.70565779032276,35.69479338984801,14
16,139.7159318319998,35.68943958023193,14
17,139.71893012589928,35.74019124135978,14
18,139.7643707983761,35.70688089455679,14
19,139.72285958514613,35.74070963756562,14
20,139.71112437925208,35.745675838918324,14
21,139.69200267537678,35.75105345943691,14
22,139.70096750149523,35.6917760655476,14
23,139.72142055015928,35.76184396334977,14
24,139.70446372344085,35.70176116365483,14
25,139.66123178255808,35.68468730254804,14
26,139.75645866326508,35.72984747156483,14
27,139.75911571704273,35.71334613884613,14
28,139.67845129586644,35.75263260436858,14
29,139.72477718615403,35.74989008582823,14
0,139.7347485710795,35.7488901755679,15
1,139.71480862108092,35.736465200632146,15
2,139.71875464008477,35.73032307513885,15
3,139.69156801344155,35.684739105287754,15
4,139.69210145338732,35.6915238961885,15
5,139.73480365031907,35.74703613644147,15
6,139.72081435020863,35.72103091580689,15
7,139.74667845741163,35.69504371497898,15
8,139.73667871887196,35.72831840995304,15
9,139.70844436242876,35.69487302521969,15
10,139.7461117937452,35.74365375482872,15
11,139.68067637930434,35.72057198542915,15
12,139.7275688489322,35.68469954233398,15
13,139.73212771668574,35.72581036676584,15
14,139.67097461404188,35.7095146933449,15
15,139.70489047392633,35.69516535960676,15
16,139.71565264490303,35.68965940632703,15
17,139.7195718613522,35.73968692125227,15
18,139.76432541369655,35.707192452486765,15
19,139.72279216696,35.74058857395924,15
20,139.71131133495763,35.7461779021882,15
21,139.69064833278438,35.75129333198172,15
22,139.70092256333535,35.691604581309825,15
23,139.7202098333863,35.76209252308079,15
24,139.70461032846035,35.70171445655035,15
25,139.66153644872188,35.68476248109016,15
26,139.75707538583808,35.72957092565149,15
27,139.75884916977213,35.712819600567755,15
28,139.67858619256612,35.75252447633534,15
29,139.72476644103276,35.74993973325499,15
0,139.73429222536834,35.74894000338836,16
1,139.71523249186288,35.73593698056698,16
2,139.71885431362958,35.73041620855204,16
3,139.69065111287102,35.6863299299742,16
4,139.69300600920525,35.691227799616485,16
5,139.7338281928072,35.746707269581975,16
6,139.72070864223764,35.72113050075375,16
7,139.74697635342963,35.69508584846895,16
8,139.73687590835627,35.72842467089466,16
9,139.70889530812312,35.69520934845289,16
10,139.74607586952385,35.743700568494525,16
11,139.6799141431123,35.720111999082114,16
12,139.72741328564672,35.68459305882199,16
13,139.73219941983777,35.725980333636706,16
14,139.6724924384542,35.70919699546362,16
15,139.70426813790738,35.695734698102974,16
16,139.71491476466136,35.69038913077709,16
17,139.71994757206969,35.73931668788069,16
18,139.76421807907232,35.70725853788092,16
19,139.72275080756128,35.740263649761985,16
20,139.71124240280093,35.74646860448092,16
21,139.6901983013699,35.75119962979773,16
22,139.70101503166774,35.691387822783064,16
23,139.71918628375312,35.76135446784276,16
24,139.7056141810296,35.70168890793375,16
25,139.66210989564436,35.684986848612944,16
26,139.75724500184535,35.72952830596899,16
27,139.75887006197743,35.71283554895663,16
28,139.67871529296238,35.75249069287484,16
29,139.72465628986998,35.74950743598747,16
0,139.73445848300372,35.7491683782515,17
1,139.7150873812178,35.73634843066281,17
2,139.71945492404436,35.7303132539094,17
3,139.69048638128655,35.68693085169822,17
4,139.69318050072116,35.69099538267416,17
5,139.73339590914992,35.74650096207584,17
6,139.72028434907767,35.72169631291292,17
7,139.7469627368214,35.69500386995601,17
8,139.7371498825424,35.72858281761076,17
9,139.708514086239,35.69520026102563,17
10,139.74596294780753,35.743498208615634,17
11,139.67954804057175,35.71996148429538,17
12,139.7273821711107,35.68441344093667,17
13,139.7325266326396,35.72629967724167,17
14,139.67241285772948,35.70941642279928,17
15,139.70390548297846,35.69597285329717,17
16,139.71480415170106,35.690827288702614,17
17,139.72136496805328,35.739165875940266,17
18,139.76500500595577,35.7063278946919,17
19,139.7236043443757,35.74081504480815,17
20,139.71136587804702,35.746399982252186,17
21,139.69019866275337,35.75131351246274,17
22,139.70136042720398,35.69156493079404,17
23,139.71899691525772,35.76139071381665,17
24,139.70615171022726,35.70147054416857,17
25,139.66311949082393,35.684995577128625,17
26,139.75737497942447,35.72887782484027,17
27,139.75872951386702,35.712750276116004,17
28,139.67909074623674,35.75197527661828,17
29,139.7250900523222,35.74962253003472,17
0,139.73341663891674,35.74919087537757,18
1,139.71505246687386,35.73632154838185,18
2,139.71947471452185,35.7303125459174,18
3,139.69051824714685,35.686666111393066,18
4,139.69331473510715,35.69088760851649,18
5,139.7340357449772,35.74693117046177,18
6,139.72025821751305,35.72157616911192,18
7,139.74700874653945,35.6950377251692,18
8,139.73738902269918,35.72883007599086,18
9,139.7086324408557,35.69522327128867,18
10,139.74573226945384,35.744070801202035,18
11,139.67973678657557,35.71937952692849,18
12,139.72706168541842,35.68482516796831,18
13,139.7328790580114,35.72628918148521,18
14,139.67283605035274,35.70981157001505,18
15,139.70495558507983,35.69625289578725,18
16,139.7147675397567,35.69050281752282,18
17,139.7214105757979,35.73933160184669,18
18,139.7646729814771,35.705709585968535,18
19,139.7237030727227,35.74074318859535,18
20,139.7113055874866,35.7463609645369,18
21,139.69021106427616,35.751670124858165,18
22,139.70136960810248,35.69140734828867,18
23,139.7185200063018,35.76137513964292,18
24,139.70686685443565,35.70166933965611,18
25,139.665064700347,35.68534725242014,18
26,139.75789274768505,35.72863417745951,18
27,139.7581528178459,35.7123986957931,18
28,139.67912544620015,35.75195898475296,18
29,139.7252076558578,35.74963933491816,18
0,139.73335682450931,35.74919670980774,19
1,139.71530233280322,35.736515937149434,19
2,139.71978647385208,35.73013764624746,19
3,139.69059204977611,35.686662555501556,19
4,139.69328552276133,35.69100070374787,19
5,139.73419773320546,35.74761817019049,19
6,139.7202728001004,35.721546020753486,19
7,139.74738602050235,35.6951620342059,19
8,139.73794394623337,35.728712098407584,19
9,139.70969731979568,35.69510026889825,19
10,139.74562185493684,35.74364859835284,19
11,139.67957766631594,35.71961856133313,19
12,139.72785428822306,35.68564022198952,19
13,139.73334223977776,35.72664718981249,19
14,139.6731259881774,35.710146418393,19
15,139.7049711932149,35.69626843192125,19
16,139.71494298596485,35.69018925156366,19
17,139.72158215980517,35.73884580220502,19
18,139.76467089300382,35.70553604377134,19
19,139.7232791747074,35.74098160714986,19
20,139.7114594296921,35.746178541252995,19
21,139.69007867598657,35.75175884979086,19
22,139.7013362648043,35.69134672628802,19
23,139.7180910684026,35.76094989396231,19
24,139.7068308629691,35.70181931918507,19
25,139.665642942467,35.68436782615471,19
26,139.75858796380987,35.728551224828415,19
27,139.75766986269406,35.711352653077334,19
28,139.68003111787561,35.75158507580048,19
29,139.72514119742405,35.74974470077971,19
0,139.7333470850736,35.74919455855377,20
1,139.71587127388233,35.737604753351334,20
2,139.7204367677272,35.72993019672642,20
3,139.69200331317145,35.68655207589417,20
4,139.6931300407624,35.69114484327742,20
5,139.73407591039347,35.74749174619994,20
6,139.7194571128786,35.72101915686179,20
7,139.7471330907448,35.69518397000108,20
8,139.73768984624928,35.72835269378305,20
9,139.70974244712536,35.69523466198526,20
10,139.74569657148535,35.74344159515988,20
11,139.68050790501607,35.72056930678615,20
12,139.7275632141195,35.6864998529473,20
13,139.73393287164933,35.72692124705085,20
14,139.67328935279556,35.71054016743299,20
15,139.70526784613983,35.696031842856755,20
16,139.71457898517093,35.69063727776518,20
17,139.72142159204762,35.73891219393741,20
18,139.76503568965788,35.70543497379167,20
19,139.72302743921213,35.74096588247759,20
20,139.71212615441834,35.745483951489234,20
21,139.69013706720722,35.751846729437794,20
22,139.70172465618796,35.69179432834196,20
23,139.71806925121774,35.760948748957865,20
24,139.7075824263804,35.701434162219144,20
25,139.66618295687644,35.68426014991187,20
26,139.75919553564776,35.7280760464173,20
27,139.75807445553997,35.71169500285565,20
28,139.67986813352184,35.751457548066725,20
29,139.72558641383,35.74946622252565,20
0,139.73381469307745,35.749262917725446,21
1,139.7154447442059,35.73852528446271,21
2,139.72059031890532,35.72980003098725,21
3,139.69202990320224,35.68626258371822,21
4,139.6919877873227,35.691742507623935,21
5,139.7337576791668,35.74730269634602,21
6,139.71962647106955,35.72048597918704,21
7,139.74673428557855,35.69531708282491,21
8,139.73772978716008,35.72796706851811,21
9,139.70951626174428,35.69526723688745,21
10,139.74557425374178,35.74347308838668,21
11,139.6805263712513,35.720572534156325,21
12,139.7277761212891,35.68732480051514,21
13,139.73392668099441,35.72691534399607,21
14,139.67303664848575,35.709923720821614,21
15,139.70544447666975,35.695966561430154,21
16,139.71367968596152,35.69140200630073,21
17,139.72149780877407,35.73827948117632,21
18,139.76696437459984,35.7057498960945,21
19,139.72307380269254,35.74098372288966,21
20,139.71222363835375,35.74507707680332,21
21,139.6892465949185,35.75139510855525,21
22,139.70213893665073,35.69185213495542,21
23,139.71862364137152,35.761502520379906,21
24,139.70837955363942,35.70092762303921,21
25,139.6666955689576,35.68415419114973,21
26,139.7590980301927,35.72820119318506,21
27,139.75845779837815,35.71208881232976,21
28,139.68073968643648,35.751703012392284,21
29,139.72552574505286,35.74949397103598,21
0,139.73358781519082,35.74925489689419,22
1,139.7149438177359,35.73848767579804,22
2,139.72076503256505,35.72948177942975,22
3,139.69157028503386,35.686671962017414,22
4,139.69052786221727,35.69190620184081,22
5,139.7340133452743,35.74753756858914,22
6,139.7196550129862,35.72144387184869,22
7,139.74711727333772,35.69554949648825,22
8,139.7376867363383,35.72832405168314,22
9,139.7094477675937,35.6952574867867,22
10,139.74538560531894,35.74347651661181,22
11,139.6806337252358,35.72063975867509,22
12,139.72769050802435,35.68723710985431,22
13,139.7344136037279,35.7270934697467,22
14,139.6719026998036,35.71054947329651,22
15,139.70554602755712,35.69576176327026,22
16,139.7132431403047,35.69243112155362,22
17,139.7214479615407,35.73827643889427,22
18,139.76734540777935,35.70546405357783,22
19,139.72305046077585,35.74169906430708,22
20,139.71210246765443,35.74570272054211,22
21,139.68900477878867,35.75104919907924,22
22,139.70241973845944,35.69212909626628,22
23,139.7195053612305,35.76292578763654,22
24,139.70800369779883,35.701347968618705,22
25,139.66677334536737,35.68410755962388,22
26,139.7587544279639,35.72837085132218,22
27,139.7583389779224,35.71240378149703,22
28,139.6814903567741,35.75155776213519,22
29,139.72551569057197,35.7495326137091,22
0,139.7343476988364,35.74944479622315,23
1,139.7156667097354,35.73848059241424,23
2,139.71985758856437,35.729775383560145,23
3,139.69246565311036,35.6860404524598,23
4,139.69010997996875,35.692131557401005,23
5,139.73408630723404,35.74774236380881,23
6,139.71980510330727,35.72296002246369,23
7,139.7467837861977,35.69500826606483,23
8,139.7376261377954,35.72830770286825,23
9,139.71053491198742,35.69537085282038,23
10,139.74560208624445,35.743434045874494,23
11,139.68037608862315,35.72048397330176,23
12,139.7276522206933,35.6872338705476,23
13,139.73487848395257,35.7274034483958,23
14,139.67071911966238,35.71085459798534,23
15,139.70546910270275,35.69578469299095,23
16,139.713135921098,35.69234561890097,23
17,139.72130557649476,35.738523070882835,23
18,139.76766791206137,35.70509700602969,23
19,139.7225278767735,35.741565954376135,23
20,139.7116498407661,35.74601830452392,23
21,139.68870582914238,35.75104338771798,23
22,139.70299868871004,35.692048034508744,23
23,139.71902439864274,35.76297298865881,23
24,139.7082012796165,35.70154480664986,23
25,139.66806536623076,35.68362261983471,23
26,139.75873997086376,35.728381468958744,23
27,139.75834665676445,35.712451226793355,23
28,139.6822165466751,35.75164094253167,23
29,139.7261113330786,35.74940727833199,23
0,139.73469720214035,35.7496690277056,24
1,139.71712831736434,35.73777413606629,24
2,139.71985224867498,35.729772832015136,24
3,139.69350437046776,35.68547065707715,24
4,139.6893226373044,35.69319962551873,24
5,139.73390515426593,35.7483183236422,24
6,139.71950733308591,35.72397330788857,24
7,139.74542335324674,35.695309283785434,24
8,139.7369992687493,35.72826127799782,24
9,139.71195463414054,35.69565283461113,24
10,139.74553362004667,35.7434452803472,24
11,139.6796837094079,35.72044328174474,24
12,139.72719669338457,35.68721545033756,24
13,139.7354721336671,35.72749035054125,24
14,139.670295900404,35.71037651348486,24
15,139.7045707476508,35.695743357569015,24
16,139.71312641764686,35.69226598241546,24
17,139.7212830535644,35.738799591728124,24
18,139.7676447963849,35.70504315678346,24
19,139.72277687525542,35.74160691402019,24
20,139.71202393048253,35.745819121348376,24
21,139.68867685989824,35.751607715451954,24
22,139.70292924365268,35.691997370249666,24
23,139.7184108987108,35.762444664240995,24
24,139.70811060515277,35.701785243959414,24
25,139.6692085116717,35.683729709044336,24
26,139.75830964356027,35.72910018152851,24
27,139.7583390250439,35.712403967861945,24
28,139.68227490227073,35.75147337506612,24
29,139.72595075468135,35.748995982733675,24
0,139.734289139649,35.74977924630918,25
1,139.7168570359294,35.736692880955324,25
2,139.71955959064482,35.729716401202204,25
3,139.69449946577456,35.68552143315502,25
4,139.6896928588993,35.69386465331557,25
5,139.73390770375238,35.74832197619155,25
6,139.71877865470066,35.72413309726013,25
7,139.74504889171203,35.69514028943049,25
8,139.73764587864048,35.72860777912643,25
9,139.71187929065405,35.69566311304717,25
10,139.7454872947848,35.74347347543568,25
11,139.67905893763836,35.7197658035109,25
12,139.7269524465468,35.687044457421855,25
13,139.73534253460065,35.727664832219865,25
14,139.670078458612,35.71038155066057,25
15,139.7037855958448,35.69578034887561,25
16,139.7132187908722,35.691884412073335,25
17,139.72151687746438,35.73865924052095,25
18,139.7676011027127,35.70509000906134,25
19,139.72250267924176,35.74188883697813,25
20,139.71148599796865,35.74609211209203,25
21,139.68859893362978,35.751682766875724,25
22,139.70347791765283,35.692444345740775,25
23,139.71669050866274,35.76297336585205,25
24,139.70700460035548,35.70224669394741,25
25,139.66934232378176,35.6830860799605,25
26,139.75862413562047,35.728966620574646,25
27,139.7589098695389,35.712742420870654,25
28,139.6820275279622,35.75173195239848,25
29,139.72606782644468,35.748712556358676,25
0,139.73336530385234,35.74994536427441,26
1,139.71737968211792,35.73632986734438,26
2,139.71905753713327,35.729479448958415,26
3,139.69509226527896,35.685278316971605,26
4,139.68949077253365,35.69395439697829,26
5,139.73385664377943,35.74915058073558,26
6,139.7184791057975,35.72453357579517,26
7,139.74400643338737,35.694477180233164,26
8,139.73828842386348,35.7290263890805,26
9,139.7119399443457,35.69566102125407,26
10,139.74630215108468,35.74240724512918,26
11,139.6791911752044,35.71995959511373,26
12,139.72584884906217,35.687299170331386,26
13,139.73534542747146,35.72765429846548,26
14,139.6702405679215,35.71052393658253,26
15,139.70345350507762,35.69601943940672,26
16,139.71322282718768,35.69162071144371,26
17,139.72120751959736,35.73926173048788,26
18,139.7679517020975,35.704725737384365,26
19,139.72259830071744,35.74183585351481,26
20,139.71040538844022,35.745842900262765,26
21,139.6886213645712,35.752026556734826,26
22,139.70388600563516,35.69302268591338,26
23,139.71585358760282,35.76349384121611,26
24,139.70643906460745,35.70265505814668,26
25,139.6696180867161,35.68295374373375,26
26,139.7583204459743,35.72838040154731,26
27,139.7590590640582,35.713197404191234,26
28,139.68094574756344,35.75141918504574,26
29,139.72580074356668,35.74923829297871,26
0,139.73281130481166,35.750045222225175,27
1,139.7176492708834,35.736549629423685,27
2,139.7187915399721,35.72929324034439,27
3,139.69527304468988,35.68503884702807,27
4,139.6900381639327,35.69404482735036,27
5,139.73377256058296,35.74941821206884,27
6,139.71856475946456,35.7244500502009,27
7,139.74311274153638,35.694445416784745,27
8,139.73897796697125,35.729264291273324,27
9,139.71110332270553,35.69573841509588,27
10,139.74729552678713,35.741674540064196,27
11,139.6796343025888,35.72070554445882,27
12,139.72552292252672,35.68702672551874,27
13,139.73544630506126,35.727676443806814,27
14,139.66971108573497,35.710028416007326,27
15,139.7032148305848,35.69636612896811,27
16,139.71322253208928,35.6916178585137,27
17,139.72067168280515,35.73926917110118,27
18,139.767379039318,35.70517851412246,27
19,139.72236887519043,35.74163941477265,27
20,139.71068767507114,35.745988045046445,27
21,139.6886360012685,35.751777914515934,27
22,139.70384528154023,35.69296042460583,27
23,139.71533375718104,35.76393247697091,27
24,139.70611753156314,35.7030620749786,27
25,139.66952704430136,35.68300692173923,27
26,139.75805580914354,35.727617517615876,27
27,139.75951738234235,35.71360913471068,27
28,139.6801564716278,35.751645405160694,27
29,139.725821435579,35.74978553602998,27
0,139.7320296634003,35.75013611167835,28
1,139.71760973455895,35.73619361238011,28
2,139.72037895139184,35.72881854610594,28
3,139.6959247605219,35.685631479402666,28
4,139.6898639353899,35.69443031410469,28
5,139.73377683679792,35.74937158167955,28
6,139.719485454441,35.7243322874802,28
7,139.74298683164386,35.694288963010564,28
8,139.73858853949346,35.72937622623849,28
9,139.71171552954004,35.69573412821113,28
10,139.74839528841872,35.74163534468125,28
11,139.67998220809574,35.72076886639823,28
12,139.72537769665368,35.686959111397464,28
13,139.73528532209824,35.72764484337013,28
14,139.66939751058507,35.70971156947828,28
15,139.7025280241833,35.697340285373656,28
16,139.71326971610713,35.691433894933226,28
17,139.72047739511595,35.7392815692054,28
18,139.76723247469218,35.70573152710663,28
19,139.72237507119917,35.74164446915834,28
20,139.71104155367405,35.74595862794633,28
21,139.68883128054046,35.751672397993644,28
22,139.703088548044,35.6921851115293,28
23,139.71534414800735,35.763877837510144,28
24,139.7058020698241,35.70311478572701,28
25,139.669576182642,35.68302526271965,28
26,139.7588315981926,35.7269824507347,28
27,139.7606257495521,35.7144277565531,28
28,139.678579541031,35.75182980751096,28
29,139.72577503558563,35.7498088026925,28
0,139.73091133026796,35.74951922027365,29
1,139.7177549935695,35.73558928294409,29
2,139.7208107916995,35.728526229137394,29
3,139.6954859517971,35.68606322010009,29
4,139.6901758319957,35.69484528676617,29
5,139.73369563258558,35.74934426800134,29
6,139.71943728662688,35.72413984152692,29
7,139.74279868336512,35.694145126165836,29
8,139.73933414278187,35.729139672193305,29
9,139.711413491209,35.69582904058105,29
10,139.7484804982023,35.7416380133591,29
11,139.68010253611894,35.720815090198926,29
12,139.72549101095558,35.68697655110745,29
13,139.73537659625677,35.72766936214217,29
14,139.66938635888528,35.70992676081823,29
15,139.70232039962704,35.69742851487061,29
16,139.71292233575144,35.69071461460744,29
17,139.72074896972083,35.739039279659565,29
18,139.76697477113055,35.705544164443744,29
19,139.7217097036188,35.74106988311396,29
20,139.71047300066525,35.74589599166009,29
21,139.6891433957785,35.751768080544956,29
22,139.70275521274797,35.69217997872485,29
23,139.7153066453528,35.76387796387561,29
24,139.70523554909133,35.70285321930644,29
25,139.669432362019,35.683038897601115,29
26,139.75936583365234,35.726641292281556,29
27,139.76061729186017,35.71442753955048,29
28,139.67763734740308,35.75206701887872,29
29,139.7256555364226,35.75009890513547,29
0,139.7305764159798,35.74902154665253,30
1,139.71750913698887,35.73451946176612,30
2,139.7212010660656,35.72816537756359,30
3,139.69649072304975,35.68567129376051,30
4,139.69018589026524,35.694913533244055,30
5,139.73387667062067,35.749575677209585,30
6,139.71904427853238,35.72329613321044,30
7,139.74295371801662,35.69424195701071,30
8,139.7393790354857,35.729153409788964,30
9,139.71071384630278,35.69619400005722,30
10,139.7481612562035,35.74165360462869,30
11,139.67951377100476,35.72058240865126,30
12,139.72558535498146,35.68664728119274,30
13,139.73502689585825,35.72764368235944,30
14,139.66996272182598,35.70857451342416,30
15,139.70288497069015,35.69707090242864,30
16,139.71389926527027,35.69001897728596,30
17,139.7206262000118,35.73942464674063,30
18,139.76657022882367,35.7059020715324,30
19,139.7224526552262,35.74130943442026,30
20,139.71041858772568,35.74673328745748,30
21,139.68927584069664,35.751711974933556,30
22,139.70191775254526,35.69208765610883,30
23,139.71503513781948,35.764025532351205,30
24,139.7055552140893,35.702862721963704,30
25,139.66983705865,35.6826999772623,30
26,139.75905108504327,35.72601981209871,30
27,139.7614272563491,35.714976109997636,30
28,139.6776480069044,35.752576816577395,30
29,139.72551203682983,35.75063339010035,30
0,139.73080742566128,35.74917911409056,31
1,139.71780474818428,35.73363123976574,31
2,139.7216288863955,35.72694892354297,31
3,139.6971219441671,35.685162826770195,31
4,139.69018618149815,35.69506296295225,31
5,139.73459791366375,35.74986844353378,31
6,139.7189753917048,35.723389052268594,31
7,139.74243646819733,35.69386201569861,31
8,139.73924006164302,35.729087431560636,31
9,139.71012970277005,35.696541687502844,31
10,139.7481420199608,35.74165185642402,31
11,139.6796097128282,35.720659296973224,31
12,139.72559342999878,35.6866490757989,31
13,139.73484831208162,35.72778133253359,31
14,139.66997136736424,35.70890398225182,31
15,139.7023818350125,35.69690872499336,31
16,139.71405207682818,35.689966606597885,31
17,139.7205964544883,35.73944390630663,31
18,139.7665984145357,35.705874470709766,31
19,139.72269743992032,35.74139179191639,31
20,139.71042184267847,35.74699431683966,31
21,139.6889779597266,35.7519364451169,31
22,139.70209697694017,35.69173556833051,31
23,139.715094644971,35.764007858691095,31
24,139.7060164602369,35.70259880793761,31
25,139.66962987858227,35.68271824114313,31
26,139.7588205115989,35.7263616040998,31
27,139.76153937936175,35.7150113454149,31
28,139.677780170514,35.75253112655501,31
29,139.7254687272069,35.75068980545472,31
0,139.73163757748654,35.749016552006594,32
1,139.71750950975613,35.73368358363291,32
2,139.72269201638593,35.72691265268085,32
3,139.6974108336594,35.68497115781841,32
4,139.69002251722597,35.695967252553835,32
5,139.73482462523032,35.74984679493395,32
6,139.71898545331553,35.72342344358068,32
7,139.74202589424777,35.69338420818711,32
8,139.73944306411755,35.728887044570115,32
9,139.7101454242738,35.69653797045435,32
10,139.74814950422257,35.74164797612418,32
11,139.67946689218942,35.721102513407445,32
12,139.72542144845042,35.68646430327805,32
13,139.7343037763984,35.72790483920977,32
14,139.66998670820976,35.70886217699275,32
15,139.7022919267651,35.69697024172597,32
16,139.71393136262535,35.68985473383005,32
17,139.7212224462752,35.73932048713096,32
18,139.7662560591314,35.70615328898465,32
19,139.72150672896515,35.74146039089785,32
20,139.71015121004203,35.74686838942866,32
21,139.6883411336844,35.75259176355223,32
22,139.7015474823643,35.69129470670199,32
23,139.7154492866562,35.76368845875254,32
24,139.70587666955157,35.70253358579692,32
25,139.6696842862732,35.68272212672089,32
26,139.7581092690284,35.72677388356886,32
27,139.76120852757168,35.71468721785196,32
28,139.67723819304746,35.75287902171709,32
29,139.7262193814938,35.75053745182408,32
0,139.73201602293435,35.74899022648603,33
1,139.71753979362333,35.73406786465794,33
2,139.7228444282285,35.72668552176725,33
3,139.69746476806813,35.68471437840951,33
4,139.689848766324,35.69636290739308,33
5,139.73530529640604,35.750494714613076,33
6,139.7189843851439,35.723424341594566,33
7,139.74182272523095,35.693254307772136,33
8,139.7382019599928,35.72910884026872,33
9,139.7096735725648,35.6968167512485,33
10,139.74841516691149,35.741582229531986,33
11,139.67946790502737,35.721081587828515,33
12,139.72553127891013,35.68671387268655,33
13,139.73403729526953,35.72771560974545,33
14,139.67031561489682,35.70921904369468,33
15,139.70228892217833,35.69693146599274,33
16,139.71280500758562,35.6900321634116,33
17,139.7217171377182,35.739327304207215,33
18,139.76652692067606,35.70550157063074,33
19,139.7214223637655,35.74145613215906,33
20,139.71030003633032,35.747193339962216,33
21,139.68783734494295,35.752807494242134,33
22,139.7014383954267,35.69082875324473,33
23,139.7166477701014,35.76382508453101,33
24,139.70642221853285,35.70253741387872,33
25,139.66930561685638,35.682877596684214,33
26,139.7579737921146,35.72685161839191,33
27,139.7610425267322,35.71426972116551,33
28,139.6773101335343,35.752841996468824,33
29,139.72688857750524,35.75110859500355,33
0,139.73250430090633,35.74908625443912,34
1,139.71706425281306,35.73407633967548,34
2,139.7235499907399,35.72632566993117,34
3,139.69739379306534,35.684677229293406,34
4,139.69000811487638,35.6961584451131,34
5,139.73585036834254,35.750726451443576,34
6,139.71893101691526,35.72355487882473,34
7,139.7422752840584,35.69327031082736,34
8,139.7380018409674,35.72890764546164,34
9,139.710152588945,35.69654028501069,34
10,139.74847258129344,35.74156348833043,34
11,139.67950789778985,35.721238329482595,34
12,139.72573818648755,35.68721428098196,34
13,139.7342940799699,35.72793785879265,34
14,139.66993871060228,35.70903806082955,34
15,139.7024603489875,35.696844339215254,34
16,139.71279917870993,35.69007653399071,34
17,139.7216397609515,35.739325222929054,34
18,139.7668075876212,35.70480535020558,34
19,139.72054632183742,35.74118460895694,34
20,139.71018950624136,35.74771068877348,34
21,139.68803883548213,35.75279417822575,34
22,139.70180894545567,35.691258844552614,34
23,139.71688287269612,35.765780596974054,34
24,139.70769225853948,35.70243958155986,34
25,139.6691618570144,35.683339098133466,34
26,139.75784227285547,35.72716709819223,34
27,139.7612839290743,35.71435440475156,34
28,139.67680802540337,35.75313612725461,34
29,139.72714783329337,35.751083262217335,34
0,139.73288520174373,35.749370826258755,35
1,139.71661924966213,35.735252983724024,35
2,139.72408669084342,35.72594914376784,35
3,139.69732782182555,35.68468474961119,35
4,139.69001118070358,35.69615593629017,35
5,139.73622168016445,35.7518790110811,35
6,139.7189458039709,35.723523784266945,35
7,139.74248186218998,35.693281836536656,35
8,139.7378712913911,35.728717348078156,35
9,139.70987577520003,35.69654885000165,35
10,139.74823855504593,35.74174042718001,35
11,139.67947084176794,35.72138891076498,35
12,139.7263213190562,35.68782166693519,35
13,139.73373087862066,35.72757610423598,35
14,139.67065500391365,35.709622792383826,35
15,139.70217934017842,35.697126450803225,35
16,139.71363529903923,35.68983044660714,35
17,139.72170413513413,35.739280982052925,35
18,139.7665419731663,35.704183654014905,35
19,139.72005427578452,35.74110986147044,35
20,139.71019744846072,35.74755221342129,35
21,139.6876278660654,35.75313740338356,35
22,139.70214906870982,35.69155676555044,35
23,139.71695761707332,35.766741526191645,35
24,139.70775385343654,35.702392838662796,35
25,139.66936902828547,35.682330260069314,35
26,139.75790961014184,35.72714643438483,35
27,139.7612286397321,35.71413644799361,35
28,139.6763342607099,35.75377161173281,35
29,139.72701284041537,35.75162703182739,35
0,139.7335876176561,35.749323236630765,36
1,139.71645786986417,35.73572295150817,36
2,139.7251240992278,35.72612974940984,36
3,139.69872492165618,35.68419091109141,36
4,139.68974484738007,35.696666053122335,36
5,139.73658019891775,35.752964444572974,36
6,139.71876950985606,35.723610147317295,36
7,139.74267651414243,35.693416882148036,36
8,139.7383129707889,35.72905135520256,36
9,139.70995696017886,35.69635440891341,36
10,139.74721456563896,35.742824866078514,36
11,139.67938641018821,35.7218578180998,36
12,139.72618112006433,35.688019533068484,36
13,139.73299450403704,35.72766853578595,36
14,139.67015335155403,35.71037799146045,36
15,139.702140114276,35.69717286004338,36
16,139.71441774348733,35.68868594206858,36
17,139.7225825706082,35.73944082554743,36
18,139.76667938298843,35.70400419844904,36
19,139.72013220036598,35.740313528240605,36
20,139.71025715253703,35.74766571160656,36
21,139.6876911185608,35.75307675888493,36
22,139.7025264777797,35.69185096484409,36
23,139.71785370676096,35.76714627965287,36
24,139.70703009436826,35.70348506594609,36
25,139.66859221676057,35.68154564229682,36
26,139.75725566242045,35.72769631314646,36
27,139.76128898349492,35.71375433456335,36
28,139.67651434075577,35.753469527283706,36
29,139.7275540465348,35.75170568875045,36
0,139.73381310287587,35.74946775107011,37
1,139.71595542035627,35.736515109461926,37
2,139.72545292465077,35.72655333928482,37
3,139.69931991642454,35.68422310987583,37
4,139.68952505404417,35.69713580380011,37
5,139.73689154773143,35.752863062894036,37
6,139.71885727873436,35.72357774272506,37
7,139.7429690951747,35.693219715977186,37
8,139.73824179976714,35.730448528788784,37
9,139.70990431271386,35.69638128590788,37
10,139.74679314175032,35.742869072935754,37
11,139.6790286976653,35.72147933722434,37
12,139.7250810717457,35.68803179364859,37
13,139.7331545273565,35.727272086042966,37
14,139.66997072812646,35.71071852769707,37
15,139.70182512977834,35.69718846400645,37
16,139.71445288772856,35.688641820663214,37
17,139.72358162785386,35.73864141854365,37
18,139.76655151593494,35.703923011570915,37
19,139.72072280555574,35.740844610691596,37
20,139.7102574483899,35.747660173863224,37
21,139.68830482269252,35.75313461859481,37
22,139.70261947202366,35.691585766974036,37
23,139.7179558210354,35.76744845138955,37
24,139.70695466022477,35.70368798143974,37
25,139.66919428219808,35.68137551333586,37
26,139.75739798325884,35.72764069280111,37
27,139.7619815339841,35.7137381555306,37
28,139.6771453248219,35.753471927826126,37
29,139.72779485241904,35.75177625590254,37
0,139.73418325093238,35.7494214674026,38
1,139.7159850574294,35.736423063950355,38
2,139.72614495437816,35.726837414735165,38
3,139.69911369037825,35.68485007460661,38
4,139.68952380993372,35.69716448016656,38
5,139.738195527653,35.75378793149202,38
6,139.71870897121056,35.72378527281162,38
7,139.74279336722446,35.69340729397064,38
8,139.73829425434326,35.731062151659295,38
9,139.70983308839348,35.69636416485426,38
10,139.74647244226014,35.742983366349875,38
11,139.67825583265454,35.72150698876058,38
12,139.7251137253368,35.688023210910686,38
13,139.73370833238886,35.72778536826184,38
14,139.67006666088963,35.71105872937712,38
15,139.70129716021268,35.69753400060032,38
16,139.71460196674232,35.68895903043371,38
17,139.72393066977372,35.73868606733926,38
18,139.76620433440493,35.70436419817837,38
19,139.72085838343943,35.740840945848916,38
20,139.71012452879842,35.747348114696024,38
21,139.68804697545463,35.75309674460804,38
22,139.70147378713585,35.69158264851234,38
23,139.71834769048735,35.767318813569275,38
24,139.70698430392636,35.70365511629529,38
25,139.66908605650104,35.6810156730927,38
26,139.75725012957994,35.727774663035824,38
27,139.76183181326158,35.713881840794215,38
28,139.67844245468086,35.75376654159819,38
29,139.72727743834238,35.751122042582615,38
0,139.7345759674955,35.749126625601015,39
1,139.71603262422002,35.73639305414258,39
2,139.7275992330266,35.72648283952337,39
3,139.6991079850766,35.68518278007946,39
4,139.6896051478311,35.69707557890257,39
5,139.73860823584704,35.754829934297355,39
6,139.7191348003071,35.72401840384851,39
7,139.7428572256174,35.69339187521615,39
8,139.73898105969536,35.731625385713535,39
9,139.70973560457765,35.696327326357505,39
10,139.74637866479154,35.742985171981715,39
11,139.67760174426996,35.72128645424714,39
12,139.724907964997,35.68797187472418,39
13,139.73369884297784,35.72776100844334,39
14,139.66984698808946,35.71086363397822,39
15,139.70133540161936,35.69795358263133,39
16,139.7150324663274,35.688209259597876,39
17,139.72343401783522,35.73898714067092,39
18,139.76641027516936,35.703978903433814,39
19,139.72090164837763,35.740760848293924,39
20,139.71013062403816,35.74662048591743,39
21,139.68754438939305,35.75297423794903,39
22,139.70064670078625,35.691269763076924,39
23,139.71832862390443,35.76729035179596,39
24,139.70661027175504,35.704334769236205,39
25,139.66923189826338,35.68095048821717,39
26,139.75723595310328,35.727785795521136,39
27,139.7617558806882,35.71414434083964,39
28,139.67875476200035,35.75367375175038,39
29,139.72713986658712,35.75111141392718,39
0,139.73426951048893,35.749026319246646,40
1,139.71588872438033,35.73709503431181,40
2,139.72817447096963,35.72670360143405,40
3,139.69938961829305,35.685060101765444,40
4,139.68915636903546,35.697473134041935,40
5,139.73874199848842,35.75411809781532,40
6,139.71941268414523,35.7240852239752,40
7,139.7422168903904,35.69238144978952,40
8,139.7390134231187,35.73166402836258,40
9,139.71038034121477,35.69666884847039,40
10,139.7466643895223,35.742851039117056,40
11,139.67719834488466,35.721090897676,40
12,139.7259561867607,35.6881057790702,40
13,139.73357771780874,35.7276474884625,40
14,139.6697430302731,35.711198801286365,40
15,139.70125387929846,35.698002457958985,40
16,139.7157638357366,35.68715696547854,40
17,139.72313882471,35.73913217712108,40
18,139.76558716403443,35.70446910553596,40
19,139.72098093234382,35.74067239335936,40
20,139.70892440510508,35.7458934843914,40
21,139.68857497818757,35.753189554965445,40
22,139.70070276134496,35.69137294336715,40
23,139.71833369815485,35.76729551615766,40
24,139.70642014386738,35.70441498280792,40
25,139.6700084678775,35.681073213424284,40
26,139.75694522233186,35.7278468451705,40
27,139.76179994769288,35.71359412300718,40
28,139.6791215343039,35.7533464243997,40
29,139.72727048989756,35.75104893398287,40
0,139.73307472944762,35.74970968053625,41
1,139.71604273972517,35.73648456985571,41
2,139.7287683541797,35.7267238559841,41
3,139.70086646149747,35.68523277708115,41
4,139.68861684071393,35.69750784768999,41
5,139.73877988132443,35.754017245142364,41
6,139.72029386765598,35.72310973070228,41
7,139.74219778096787,35.69236196626921,41
8,139.7394548608096,35.73236510974023,41
9,139.7111263886577,35.695797246383506,41
10,139.7470309237112,35.742766606464286,41
11,139.67735526128524,35.72094679103834,41
12,139.72666222106014,35.68855735099881,41
13,139.73252621314055,35.72747615729634,41
14,139.66997185358153,35.711396493599096,41
15,139.70119988277767,35.697993255053994,41
16,139.71550674078065,35.68732914762639,41
17,139.72297649817614,35.73971623404464,41
18,139.76552175683918,35.70538804454975,41
19,139.72103927641535,35.740691838097575,41
20,139.70885354198245,35.74561046906589,41
21,139.68882053106384,35.752576945828615,41
22,139.7006035160724,35.69200487034202,41
23,139.71845890773187,35.76731822920607,41
24,139.70541819987034,35.70407614886508,41
25,139.67063704741415,35.681153384678375,41
26,139.7572658093292,35.72774280144138,41
27,139.76167290184455,35.71371227613985,41
28,139.67961145263052,35.75203125871738,41
29,139.72742387771615,35.75073090168536,41
0,139.73282326065086,35.750046554391986,42
1,139.7158906322815,35.73661259033965,42
2,139.72816255794658,35.72683680410206,42
3,139.70162111158268,35.6855945053004,42
4,139.68940816101903,35.69703766613602,42
5,139.7390083456592,35.754267604597736,42
6,139.7206372637983,35.72268581689961,42
7,139.74224356387674,35.69285069705427,42
8,139.73947167326742,35.73229234322354,42
9,139.7119785979853,35.69465720799725,42
10,139.74678120881148,35.74287068434558,42
11,139.6772967277367,35.72121722206582,42
12,139.7266154255366,35.68837133929297,42
13,139.73209158756464,35.72740154514925,42
14,139.6700918325287,35.711504809056684,42
15,139.7019424127125,35.698119151125375,42
16,139.71552992367432,35.68718171983494,42
17,139.7230728731236,35.73964328950825,42
18,139.76560576629467,35.70578001097954,42
19,139.7216070926687,35.74087417575106,42
20,139.70843157135832,35.74513385836012,42
21,139.68967872749596,35.75175643395028,42
22,139.70060127263253,35.69225054160558,42
23,139.71958920805335,35.766994884066605,42
24,139.7052482990978,35.704148609350895,42
25,139.6711668025011,35.68110515335938,42
26,139.7575720124619,35.72632418464358,42
27,139.76163966403598,35.714285035068,42
28,139.67929916572865,35.75232830792612,42
29,139.72788262933545,35.749947576234945,42
0,139.7327976033437,35.75004249433914,43
1,139.71581328975424,35.7366256339587,43
2,139.72749481127397,35.72697894750699,43
3,139.70166145294584,35.68560750026934,43
4,139.68950586290887,35.696589068562375,43
5,139.7389241654152,35.754268259427725,43
6,139.7201219997025,35.72314849594112,43
7,139.74283537514182,35.69280789403643,43
8,139.7388536781184,35.73146401443299,43
9,139.71295646384547,35.69480954768072,43
10,139.74671990767715,35.74230739566375,43
11,139.67750806444246,35.72136344291965,43
12,139.7265741139125,35.68777188351338,43
13,139.7319573465443,35.727309924158504,43
14,139.67002901066684,35.71141386346407,43
15,139.70321090976438,35.69816609736061,43
16,139.7153172838227,35.686742652370484,43
17,139.7236391199893,35.73934849786117,43
18,139.76565820635827,35.705416591961736,43
19,139.72127960485275,35.74079747523943,43
20,139.70850724973525,35.745556093222866,43
21,139.69041888960822,35.7517660342331,43
22,139.70067213377342,35.69229179099756,43
23,139.72041880208386,35.7670795210866,43
24,139.70688061211402,35.704589562099585,43
25,139.67141736583375,35.680979167263345,43
26,139.7580419309793,35.72586676700761,43
27,139.76172496520462,35.71448680603377,43
28,139.6794724439429,35.752118727170576,43
29,139.72796103375103,35.74958845317529,43
0,139.7328899788157,35.75001137671555,44
1,139.715810421779,35.737631069376654,44
2,139.7269132917319,35.72620410013115,44
3,139.70188774650478,35.68543097943295,44
4,139.68933247660627,35.69644865921194,44
5,139.7390304222598,35.754426672001365,44
6,139.72040753543155,35.72310864154981,44
7,139.74289959955237,35.69287348305537,44
8,139.73978355003644,35.73196279322783,44
9,139.714277952625,35.69463905453241,44
10,139.7465048562466,35.74242368769539,44
11,139.67740974598186,35.72111901982063,44
12,139.72606497057996,35.687641010880505,44
13,139.73248202749338,35.72795866055094,44
14,139.67004607376975,35.71145733779578,44
15,139.70446324722897,35.698360314888546,44
16,139.7153208664988,35.687056610952034,44
17,139.72354780190722,35.73940643318024,44
18,139.76681526636443,35.70558898029887,44
19,139.72141613969532,35.7408581385158,44
20,139.70877031442754,35.74621700744234,44
21,139.69042032865593,35.75176609062015,44
22,139.70034180003947,35.6922190593819,44
23,139.72007187539077,35.76652110720282,44
24,139.70644239365043,35.7047800320521,44
25,139.67204496827006,35.68141320335615,44
26,139.75890903545948,35.725772070430025,44
27,139.7617739161006,35.71400936430709,44
28,139.67987972501183,35.75180840599797,44
29,139.7280053841005,35.749536140707136,44
0,139.7329375981853,35.75006250146774,45
1,139.71579142647803,35.73774584546105,45
2,139.72615199823713,35.72615537144555,45
3,139.70233728529197,35.68534192408835,45
4,139.6897454987167,35.69682950430053,45
5,139.73870627150504,35.75430902262792,45
6,139.72018865241512,35.72320826444166,45
7,139.74291653780386,35.69277898247459,45
8,139.7405469576355,35.73165981910933,45
9,139.71442712884297,35.694634103217425,45
10,139.74645655902773,35.742640229532746,45
11,139.67691493660726,35.720632345960425,45
12,139.72564405291385,35.68757533841835,45
13,139.7331233030916,35.727891884426384,45
14,139.67005800046687,35.7112219276619,45
15,139.7050208144587,35.69847613978891,45
16,139.71558391303157,35.68764791536201,45
17,139.7225593925298,35.73953533442678,45
18,139.7669814852162,35.70546348537429,45
19,139.72106135905068,35.74066438071611,45
20,139.7087772927065,35.74600362766271,45
21,139.69046609446985,35.75178604615986,45
22,139.70023668243843,35.69213866562453,45
23,139.72089507134902,35.76691103376349,45
24,139.70493334227695,35.70452712821522,45
25,139.6714977656073,35.68110210616439,45
26,139.76097146999177,35.72573987199946,45
27,139.76187464050867,35.71422514537416,45
28,139.68009978113852,35.751077344348055,45
29,139.72831172900013,35.749009295522114,45
0,139.73332077859766,35.75023734923796,46
1,139.71528020098913,35.73795876074957,46
2,139.72633639423748,35.72636585932,46
3,139.7023524785038,35.68532287295435,46
4,139.69001156473362,35.696855225665026,46
5,139.7375198120557,35.75429872165524,46
6,139.72018076653305,35.72326576600024,46
7,139.74292583669256,35.692811219214626,46
8,139.7406056433883,35.73176381033904,46
9,139.71391950862275,35.694682922214,46
10,139.74556339733914,35.74311538201067,46
11,139.6761647785473,35.72062612688779,46
12,139.7252624676524,35.68793989298579,46
13,139.7339453517135,35.727514964489735,46
14,139.66932091026834,35.710326287693505,46
15,139.70530059845143,35.69830057417939,46
16,139.71576957585197,35.68814918126514,46
17,139.7224266160601,35.7396137935399,46
18,139.76710383833273,35.70590809711534,46
19,139.72060153303264,35.740211897587,46
20,139.70872272700151,35.74656132966762,46
21,139.69052278764914,35.751758768525626,46
22,139.7002741864721,35.69230924859193,46
23,139.72169972627748,35.7669469302144,46
24,139.70448140971433,35.70507497183873,46
25,139.67118410742643,35.68091290925719,46
26,139.7615065674204,35.72535913328619,46
27,139.76210258615367,35.71466477364933,46
28,139.68052612504752,35.75061056469035,46
29,139.72859592994064,35.748965209919504,46
0,139.73349048444703,35.75025743111232,47
1,139.71581299430952,35.73804649798832,47
2,139.72676332657795,35.72656052110134,47
3,139.70230535153593,35.684131912352704,47
4,139.68994781039555,35.69694623671895,47
5,139.7357481101531,35.75418288739562,47
6,139.71929188607749,35.72374548870878,47
7,139.7431879247817,35.693781263167025,47
8,139.74031797442592,35.73133444881794,47
9,139.71413569556455,35.69441841398575,47
10,139.74490148889575,35.743626749850904,47
11,139.6757133791038,35.72051599579334,47
12,139.72525096500706,35.68765099531557,47
13,139.73370611806936,35.72778024946364,47
14,139.66927041126246,35.7104579555857,47
15,139.7050811353622,35.69847893598891,47
16,139.7156124395907,35.68812218225219,47
17,139.72229889060154,35.73875746347527,47
18,139.7676912132599,35.7066968186362,47
19,139.72032791363793,35.7400097828396,47
20,139.7087044309467,35.74668231376506,47
21,139.69051014136002,35.75176250473543,47
22,139.70005676386586,35.692492935277166,47
23,139.72293237940406,35.76631689212573,47
24,139.70393829750958,35.705420424586976,47
25,139.6715355647924,35.680872194542424,47
26,139.76198607603388,35.72453111145893,47
27,139.76224919535935,35.715423021045225,47
28,139.68038917928553,35.749933450550856,47
29,139.7285755322803,35.74895889960443,47
0,139.73381947539087,35.75058248875347,48
1,139.71494409208333,35.7385960415647,48
2,139.72693898657639,35.72660606016983,48
3,139.7026440998818,35.68337523013059,48
4,139.68987385107704,35.6970424642611,48
5,139.73482234046773,35.75439163684164,48
6,139.71932322400406,35.723704644408734,48
7,139.74342070351918,35.69408393291926,48
8,139.74047485154745,35.73082577055171,48
9,139.71566697333014,35.69386088236207,48
10,139.74447219484182,35.74356921044167,48
11,139.67530407829656,35.71958389093342,48
12,139.72616611249146,35.68696080909675,48
13,139.73359216234726,35.727873377232825,48
14,139.66770496360454,35.71093391919526,48
15,139.70467122861126,35.698518924859066,48
16,139.71555485172897,35.68794463116984,48
17,139.72356016646475,35.73844114859609,48
18,139.76809245836608,35.7074390178874,48
19,139.71883506283763,35.74001858051451,48
20,139.7092802665436,35.746123543235434,48
21,139.6903777524477,35.7517794421487,48
22,139.69996786487798,35.69246453247464,48
23,139.72250563358432,35.76667017800974,48
24,139.7029535560167,35.70511043613718,48
25,139.67158187714952,35.68088002543477,48
26,139.76223976121025,35.72372880997767,48
27,139.76204250875028,35.7144512965524,48
28,139.68046535444222,35.749806257233864,48
29,139.7283447746531,35.74892119588107,48
0,139.73477569777705,35.75103496343611,49
1,139.71501378564034,35.73855257374357,49
2,139.72716579953945,35.72650946249445,49
3,139.70266146348638,35.68323330298453,49
4,139.68977135549818,35.697670863501784,49
5,139.73417612141662,35.754118869017056,49
6,139.7192937970995,35.7237579803839,49
7,139.74348722654818,35.6941740701662,49
8,139.74041844812837,35.73016858594335,49
9,139.71631886944022,35.693972839356405,49
10,139.74501695855838,35.74385600475616,49
11,139.67541823424375,35.719236002798944,49
12,139.72612289039807,35.68698528500011,49
13,139.73406728078075,35.72776562609608,49
14,139.66774626698322,35.71149151624564,49
15,139.7043452122808,35.69875078752309,49
16,139.71568955280011,35.68778171966882,49
17,139.72480447888498,35.738929448443656,49
18,139.7684066023479,35.70787405652344,49
19,139.71654198903005,35.73993185643201,49
20,139.70914280270907,35.74599197070039,49
21,139.69027630855516,35.75192015418306,49
22,139.6999752414384,35.692494815832184,49
23,139.7224899719741,35.76667624849728,49
24,139.70235961539922,35.70554650565208,49
25,139.6729914097924,35.68117146364075,49
26,139.76222061445117,35.72377672770817,49
27,139.76164682206917,35.71358376099372,49
28,139.680701175777,35.74971810323746,49
29,139.7277535336668,35.749652827601324,49
